<?xml version="1.0" encoding="UTF-8"?>
<project xmlns="http://maven.apache.org/POM/4.0.0" xmlns:xsi="http://www.w3.org/2001/XMLSchema-instance" xsi:schemaLocation="http://maven.apache.org/POM/4.0.0 http://maven.apache.org/maven-v4_0_0.xsd">
  <parent>
    <artifactId>pitest-parent</artifactId>
    <groupId>org.pitest</groupId>
    <version>1.4.0-SNAPSHOT</version>
  </parent>
  <modelVersion>4.0.0</modelVersion>
  <artifactId>pitest</artifactId>
  <name>pitest</name>
  <description>Mutation testing system for Java.</description>
  <url>http://pitest.org</url>
  <build>
    <resources>
      <resource>
        <filtering>true</filtering>
        <directory>src/main/resources</directory>
      </resource>
    </resources>
    <plugins>
      <plugin>
        <artifactId>maven-checkstyle-plugin</artifactId>
      </plugin>
      <plugin>
        <artifactId>maven-jar-plugin</artifactId>
        <executions>
          <execution>
            <goals>
              <goal>test-jar</goal>
            </goals>
          </execution>
        </executions>
        <configuration>
          <archive>
            <manifest>
              <addDefaultImplementationEntries>true</addDefaultImplementationEntries>
            </manifest>
            <index>true</index>
          </archive>
        </configuration>
      </plugin>
      <plugin>
        <artifactId>maven-surefire-plugin</artifactId>
        <dependencies>
          <dependency>
            <groupId>org.testng</groupId>
            <artifactId>testng</artifactId>
            <version>${testng.version}</version>
          </dependency>
        </dependencies>
        <configuration>
          <testNGArtifactName>none:none</testNGArtifactName>
          <includes>
            <include>org/**/Test*.java</include>
            <include>org/**/*Test.java</include>
          </includes>
          <excludes>
            <exclude>**/*$*</exclude>
            <exclude>com/*/**.java</exclude>
            <exclude>**/FullyCoveredByTestNGTesteeTest.java</exclude>
          </excludes>
          <excludedGroups>org.pitest.SystemTest</excludedGroups>
        </configuration>
      </plugin>
      <plugin>
        <artifactId>maven-failsafe-plugin</artifactId>
        <executions>
          <execution>
            <goals>
              <goal>integration-test</goal>
              <goal>verify</goal>
            </goals>
            <configuration>
              <includes>
                <include>**/*.class</include>
              </includes>
            </configuration>
          </execution>
        </executions>
        <configuration>
          <groups>org.pitest.SystemTest</groups>
        </configuration>
      </plugin>
      <plugin>
        <artifactId>maven-shade-plugin</artifactId>
        <executions>
          <execution>
            <phase>package</phase>
            <goals>
              <goal>shade</goal>
            </goals>
            <configuration>
              <artifactSet>
                <includes>
                  <include>org.ow2.asm:*</include>
                </includes>
              </artifactSet>
              <transformers>
                <transformer />
              </transformers>
              <relocations>
                <relocation>
                  <pattern>org.objectweb.asm</pattern>
                  <shadedPattern>org.pitest.reloc.asm</shadedPattern>
                </relocation>
              </relocations>
            </configuration>
          </execution>
        </executions>
      </plugin>
      <plugin>
        <artifactId>maven-source-plugin</artifactId>
        <executions>
          <execution>
            <id>attach-sources</id>
            <goals>
              <goal>jar</goal>
            </goals>
          </execution>
        </executions>
      </plugin>
      <plugin>
        <artifactId>maven-javadoc-plugin</artifactId>
        <executions>
          <execution>
            <id>javadoc</id>
            <goals>
              <goal>jar</goal>
            </goals>
          </execution>
        </executions>
      </plugin>
      <plugin>
        <artifactId>maven-antrun-plugin</artifactId>
        <version>1.8</version>
        <executions>
          <execution>
            <phase>prepare-package</phase>
            <goals>
              <goal>run</goal>
            </goals>
            <configuration>
              <target>
                <delete />
              </target>
            </configuration>
          </execution>
        </executions>
      </plugin>
    </plugins>
  </build>
  <dependencies>
    <dependency>
      <groupId>junit</groupId>
      <artifactId>junit</artifactId>
      <version>4.11</version>
      <scope>provided</scope>
    </dependency>
    <dependency>
      <groupId>org.ow2.asm</groupId>
      <artifactId>asm-util</artifactId>
      <version>6.0</version>
      <scope>test</scope>
    </dependency>
    <dependency>
      <groupId>org.ow2.asm</groupId>
      <artifactId>asm-analysis</artifactId>
      <version>6.0</version>
      <scope>test</scope>
    </dependency>
    <dependency>
      <groupId>commons-lang</groupId>
      <artifactId>commons-lang</artifactId>
      <version>2.6</version>
      <scope>test</scope>
    </dependency>
    <dependency>
      <groupId>jmock</groupId>
      <artifactId>jmock</artifactId>
      <version>1.2.0</version>
      <scope>test</scope>
    </dependency>
    <dependency>
      <groupId>org.testng</groupId>
      <artifactId>testng</artifactId>
      <version>6.8.21</version>
      <scope>provided</scope>
      <exclusions>
        <exclusion>
          <artifactId>bsh</artifactId>
          <groupId>org.beanshell</groupId>
        </exclusion>
        <exclusion>
          <artifactId>jcommander</artifactId>
          <groupId>com.beust</groupId>
        </exclusion>
      </exclusions>
    </dependency>
    <dependency>
      <groupId>org.hamcrest</groupId>
      <artifactId>hamcrest-core</artifactId>
      <version>1.3</version>
      <scope>test</scope>
    </dependency>
    <dependency>
      <groupId>org.hamcrest</groupId>
      <artifactId>hamcrest-library</artifactId>
      <version>1.3</version>
      <scope>test</scope>
    </dependency>
    <dependency>
      <groupId>pl.pragmatists</groupId>
      <artifactId>JUnitParams</artifactId>
      <version>1.0.4</version>
      <scope>test</scope>
    </dependency>
    <dependency>
      <groupId>nl.jqno.equalsverifier</groupId>
      <artifactId>equalsverifier</artifactId>
      <version>1.7.5</version>
      <scope>test</scope>
    </dependency>
    <dependency>
      <groupId>com.thoughtworks.xstream</groupId>
      <artifactId>xstream</artifactId>
      <version>1.4.8</version>
      <scope>test</scope>
      <exclusions>
        <exclusion>
          <artifactId>xmlpull</artifactId>
          <groupId>xmlpull</groupId>
        </exclusion>
        <exclusion>
          <artifactId>xpp3_min</artifactId>
          <groupId>xpp3</groupId>
        </exclusion>
      </exclusions>
    </dependency>
    <dependency>
      <groupId>org.mockito</groupId>
      <artifactId>mockito-all</artifactId>
      <version>1.9.5</version>
      <scope>test</scope>
    </dependency>
    <dependency>
      <groupId>org.assertj</groupId>
      <artifactId>assertj-core</artifactId>
      <version>3.9.0</version>
      <scope>test</scope>
    </dependency>
    <dependency>
      <groupId>org.pitest.quickbuilder</groupId>
      <artifactId>quickbuilder</artifactId>
      <version>1.2</version>
      <scope>test</scope>
    </dependency>
  </dependencies>
</project>

